Website,Summary
https://zecway.com/,"Zecway is a leading software development platform that enables developers and teams to collaborate on software projects. Their offerings include brand development, digital marketing strategies, SEO optimization, social media management, and creative design solutions. They work with businesses and organizations seeking to enhance their marketing presence, brand recognition, and digital visibility. Their approach combines creative innovation, data-driven methodologies, and proven strategies that deliver measurable business results. For inquiries and partnerships, reach out to them at hello@zecway.com. The company is committed to providing excellent customer service and maintaining high standards of quality in all their offerings. We make your BRAND pushing it to the top. Competitors Research Design Audit UI UX Design Wireframing Prototyping Design systems 3.Experience Let our graphic and motion design team help your brand shine! AI Human Expertise We blend cutting-edge AI technology with real marketing expertise to create hyper-personalized strategies that drive conversions. Frequently Asked Questions What is Marketing Agency? What services does Zecway offer? Qualified Leads, Not Just Traffic We blend cutting-edge AI technology with real marketing expertise to create hyper-personalized strategies that drive conversions."
https://www.ilovepdf.com/,"Ilovepdf is a specialized document processing company offering comprehensive PDF tools and solutions. Their suite includes PDF conversion tools, document editing capabilities, page organization features, and file compression utilities for various formats. Their tools cater to individuals, professionals, and businesses requiring efficient PDF document management and conversion capabilities. Key advantages include user-friendly interfaces, rapid processing speeds, secure file handling, and comprehensive format support. Visit their website for detailed contact information and to explore their comprehensive service offerings. The company is committed to providing excellent customer service and maintaining high standards of quality in all their offerings. Every tool you need to work with PDFs in one place Every tool you need to use PDFs, at your fingertips. Converting EXCEL to PDF... Converting WORD to PDF... Converting POWERPOINT to PDF... Converting PDF to JPG... Converting images to PDF... PDF to PDF A Convert PDF documents to PDF A for archiving and long-term preservation. Convert PDF to EXCEL Convert PDF Data to EXCEL Spreadsheets. JPG to PDF Convert JPG images to PDF in seconds. Total pages Removing PDF pages... Organize PDF Sort, add and delete PDF pages."
https://github.com/,"Github is a leading software development platform that enables developers and teams to collaborate on software projects. Their platform offers comprehensive development tools including code hosting, version control, collaborative features, project management capabilities, and automated CI/CD pipelines. Their platform serves software developers, engineering teams, and organizations seeking efficient code collaboration and project management solutions. Key advantages include advanced collaboration capabilities, enterprise-grade security, seamless integrations, and access to the world's largest developer community. Visit their website for detailed contact information and to explore their comprehensive service offerings. The company is committed to providing excellent customer service and maintaining high standards of quality in all their offerings. Build and ship software on a single, collaborative platform Join the world s most widely adopted AI-powered developer platform. Contact GitHub Support. It s all because of GitHub. Explore GitHub Actions 90 Fortune 100 choose GitHub 100M Developers call GitHub home 420M Repositories on GitHub Powerful CI CD with GitHub Enterprise The complete developer platform to build, scale, and deliver secure software. GitHub Copilot handles the rest. GitHub Pages examples Fine examples of projects using GitHub Pages https pages.github.com ."
https://www.nytimes.com/,"Nytimes is a renowned news and media organization delivering comprehensive news coverage and journalism. Their services encompass breaking news coverage, investigative journalism, editorial content, and multimedia reporting across politics, business, technology, and culture. Their audience includes readers, professionals, and decision-makers who value reliable news coverage and in-depth analysis across multiple sectors. Their strengths lie in award-winning journalism, comprehensive global coverage, expert analysis, and trusted reporting across diverse topics. Visit their website for detailed contact information and to explore their comprehensive service offerings. The company is committed to providing excellent customer service and maintaining high standards of quality in all their offerings. Content blocked by bot protection; skipped. The company focuses on delivering comprehensive solutions and maintaining strong client relationships. They provide professional services with a commitment to quality and customer satisfaction."
https://www.shopify.com/,"Shopify is a leading software development platform that enables developers and teams to collaborate on software projects. Their offerings include brand development, digital marketing strategies, SEO optimization, social media management, and creative design solutions. They work with businesses and organizations seeking to enhance their marketing presence, brand recognition, and digital visibility. Their approach combines creative innovation, data-driven methodologies, and proven strategies that deliver measurable business results. Visit their website for detailed contact information and to explore their comprehensive service offerings. The company is committed to providing excellent customer service and maintaining high standards of quality in all their offerings. Be the next big thing Be the next store they line up for big thing one to watch category creator unicorn startup household name global empire solo flier store they line up for Dream big, build fast, and grow far on Shopify. Shopify moves faster. Log in to set up Shopify Payments Don t have a Shopify store? Shopify Inbox is a powerful tool... Explore Shopify Collabs Shopify collective Sell through retailers Grow sales by selling your products through quality Shopify stores. Try Shopify free, no credit card required."
https://www.canva.com/,"Canva is a business services company. They deliver professional business services designed to help companies achieve their objectives and enhance operational efficiency. They partner with businesses of all sizes that require professional services and strategic solutions for growth. They prioritize exceptional service quality, client satisfaction, and innovative solutions that drive business success. Visit their website for detailed contact information and to explore their comprehensive service offerings. The company is committed to providing excellent customer service and maintaining high standards of quality in all their offerings. No accessible content found for https://www.canva.com/ The company focuses on delivering comprehensive solutions and maintaining strong client relationships. They provide professional services with a commitment to quality and customer satisfaction. The organization emphasizes innovation, reliability, and excellence in all their offerings. They serve clients across various industries with tailored solutions and dedicated support."
https://www.notion.so/,"Notion.So is a leading software development platform that enables developers and teams to collaborate on software projects. Their suite includes PDF conversion tools, document editing capabilities, page organization features, and file compression utilities for various formats. Their tools cater to individuals, professionals, and businesses requiring efficient PDF document management and conversion capabilities. Key advantages include user-friendly interfaces, rapid processing speeds, secure file handling, and comprehensive format support. Visit their website for detailed contact information and to explore their comprehensive service offerings. The company is committed to providing excellent customer service and maintaining high standards of quality in all their offerings. Trusted by top teams Your AI everything app. Use Notion AI Everything you can do with Notion AI. Notion is that single place. That s where Notion comes in. Feedback to Roadmap Notion Simple contact form Notion CRM Lead Form Notion Recruiting Hub Notion Event RSVP Planner Notion Party invite with RSVP Notion Uh-oh! L Notion for Startups One workspace. As simple as a slash command in Notion. How does Notion AI use my data? Notion adapts to your needs. Notion AI is included in the price of Notion s Business and Enterprise plans. Notion reminds you to capture notes."
https://www.figma.com/,"Figma is a leading software development platform that enables developers and teams to collaborate on software projects. Their offerings include brand development, digital marketing strategies, SEO optimization, social media management, and creative design solutions. They work with businesses and organizations seeking to enhance their marketing presence, brand recognition, and digital visibility. Their approach combines creative innovation, data-driven methodologies, and proven strategies that deliver measurable business results. Visit their website for detailed contact information and to explore their comprehensive service offerings. The company is committed to providing excellent customer service and maintaining high standards of quality in all their offerings. Figma Design Figma is a powerful, collaborative design tool for teams. Design and prototype, all in Figma. Explore Figma Design Design and refine products with your team, in one shared design file. From wireframe to design to prototype to development Figma makes web design seamless. 1 of 4 1 4 Design systems that scale. Diana Mounter Head of Design Redesign how you design. Bring design and dev together. Implement design tokens Use variables and modes to implement design tokens for you design system. Figma helps design and development teams build great products, together."
https://www.airbnb.com/,"Airbnb is a business services company. They deliver professional business services designed to help companies achieve their objectives and enhance operational efficiency. They partner with businesses of all sizes that require professional services and strategic solutions for growth. They prioritize exceptional service quality, client satisfaction, and innovative solutions that drive business success. Visit their website for detailed contact information and to explore their comprehensive service offerings. The company is committed to providing excellent customer service and maintaining high standards of quality in all their offerings. Content blocked by bot protection; skipped. The company focuses on delivering comprehensive solutions and maintaining strong client relationships. They provide professional services with a commitment to quality and customer satisfaction. The organization emphasizes innovation, reliability, and excellence in all their offerings. They serve clients across various industries with tailored solutions and dedicated support."
https://www.spotify.com/,"Spotify is a business services company. They deliver professional business services designed to help companies achieve their objectives and enhance operational efficiency. They partner with businesses of all sizes that require professional services and strategic solutions for growth. They prioritize exceptional service quality, client satisfaction, and innovative solutions that drive business success. Visit their website for detailed contact information and to explore their comprehensive service offerings. The company is committed to providing excellent customer service and maintaining high standards of quality in all their offerings. Content blocked by bot protection; skipped. The company focuses on delivering comprehensive solutions and maintaining strong client relationships. They provide professional services with a commitment to quality and customer satisfaction. The organization emphasizes innovation, reliability, and excellence in all their offerings. They serve clients across various industries with tailored solutions and dedicated support."
